filename,description,optimization_techniques,performance_improvement,additional_notes
dre_optimized_13,DRE model optimized using advanced techniques for improved performance.,- Utilized machine learning algorithms for parameter tuning.
,- Achieved a 20% reduction in processing time compared to the original model.
,- Enhanced accuracy by 5% through hyperparameter optimization.
,- Integrated real-time data preprocessing for better input handling.
,- Reduced memory footprint by optimizing data structures and caching mechanisms.
,- Implemented parallel processing where applicable to speed up computations.
,- Utilized cloud-based storage solutions for efficient data management.
,- Ensured compatibility with multiple operating systems and hardware configurations.
,- Regularly updated to incorporate the latest optimization techniques and bug fixes.
,- Detailed logs and error handling added for easier debugging and maintenance.
,- Optimizations focused on both computational efficiency and memory usage.,